"Kyn";"Ár";"Landsvæði";"Alls Aðfluttir umfram brottflutta";"Alls Aðfluttir";"Alls Brottfluttir";"Íslenskir ríkisborgarar Aðfluttir umfram brottflutta";"Íslenskir ríkisborgarar Aðfluttir";"Íslenskir ríkisborgarar Brottfluttir";"Erlendir ríkisborgarar Aðfluttir umfram brottflutta";"Erlendir ríkisborgarar Aðfluttir";"Erlendir ríkisborgarar Brottfluttir"
"Alls";"1986";"Alls";-261;2703;2964;-438;2041;2479;177;662;485
"Alls";"1986";"Höfuðborgarsvæði";-73;1895;1968;-179;1470;1649;106;425;319
"Alls";"1986";"Suðurnes";-30;158;188;-43;129;172;13;29;16
"Alls";"1986";"Vesturland";-86;71;157;-75;61;136;-11;10;21
"Alls";"1986";"Vestfirðir";-9;88;97;-31;44;75;22;44;22
"Alls";"1986";"Norðurland vestra";-28;42;70;-28;38;66;0;4;4
"Alls";"1986";"Norðuland eystra";-29;198;227;-44;154;198;15;44;29
"Alls";"1986";"Austurland";1;100;99;-12;49;61;13;51;38
"Alls";"1986";"Suðurland";-8;150;158;-27;95;122;19;55;36
"Alls";"1986";"Ótilgreint";1;1;-;1;1;-;-;-;-
"Alls";"1987";"Alls";1208;3616;2408;682;2598;1916;526;1018;492
"Alls";"1987";"Höfuðborgarsvæði";847;2478;1631;518;1821;1303;329;657;328
"Alls";"1987";"Suðurnes";93;219;126;48;157;109;45;62;17
"Alls";"1987";"Vesturland";65;155;90;41;121;80;24;34;10
"Alls";"1987";"Vestfirðir";10;91;81;2;52;50;8;39;31
"Alls";"1987";"Norðurland vestra";42;76;34;18;44;26;24;32;8
"Alls";"1987";"Norðuland eystra";52;241;189;27;177;150;25;64;39
"Alls";"1987";"Austurland";33;136;103;-4;76;80;37;60;23
"Alls";"1987";"Suðurland";71;220;149;32;150;118;39;70;31
"Alls";"1987";"Ótilgreint";-5;-;5;-;-;-;-5;-;5
"Alls";"1988";"Alls";1466;4151;2685;539;2395;1856;927;1756;829
"Alls";"1988";"Höfuðborgarsvæði";832;2637;1805;359;1637;1278;473;1000;527
"Alls";"1988";"Suðurnes";160;325;165;73;187;114;87;138;51
"Alls";"1988";"Vesturland";21;134;113;-23;74;97;44;60;16
"Alls";"1988";"Vestfirðir";119;233;114;-5;49;54;124;184;60
"Alls";"1988";"Norðurland vestra";49;105;56;28;67;39;21;38;17
"Alls";"1988";"Norðuland eystra";49;264;215;18;176;158;31;88;57
"Alls";"1988";"Austurland";96;180;84;41;80;39;55;100;45
"Alls";"1988";"Suðurland";126;258;132;34;110;76;92;148;56
"Alls";"1988";"Ótilgreint";14;15;1;14;15;1;-;-;-
"Alls";"1989";"Alls";-1086;2755;3841;-1148;1735;2883;62;1020;958
"Alls";"1989";"Höfuðborgarsvæði";-755;1845;2600;-818;1229;2047;63;616;553
"Alls";"1989";"Suðurnes";-80;155;235;-68;115;183;-12;40;52
"Alls";"1989";"Vesturland";-18;132;150;-39;71;110;21;61;40
"Alls";"1989";"Vestfirðir";-81;97;178;-51;41;92;-30;56;86
"Alls";"1989";"Norðurland vestra";-20;57;77;-23;34;57;3;23;20
"Alls";"1989";"Norðuland eystra";-63;159;222;-75;88;163;12;71;59
"Alls";"1989";"Austurland";-34;110;144;-34;56;90;0;54;54
"Alls";"1989";"Suðurland";-16;200;216;-28;101;129;12;99;87
"Alls";"1989";"Ótilgreint";-19;-;19;-12;-;12;-7;-;7
"Alls";"1990";"Alls";-681;3166;3847;-751;2055;2806;70;1111;1041
"Alls";"1990";"Höfuðborgarsvæði";-567;2118;2685;-437;1532;1969;-130;586;716
"Alls";"1990";"Suðurnes";-40;153;193;-51;91;142;11;62;51
"Alls";"1990";"Vesturland";-25;136;161;-73;56;129;48;80;32
"Alls";"1990";"Vestfirðir";1;172;171;-69;29;98;70;143;73
"Alls";"1990";"Norðurland vestra";1;66;65;-16;40;56;17;26;9
"Alls";"1990";"Norðuland eystra";-69;171;240;-73;118;191;4;53;49
"Alls";"1990";"Austurland";10;134;124;-19;80;99;29;54;25
"Alls";"1990";"Suðurland";9;216;207;-13;109;122;22;107;85
"Alls";"1990";"Ótilgreint";-1;-;1;-;-;-;-1;-;1
"Alls";"1991";"Alls";1007;3989;2982;286;2281;1995;721;1708;987
"Alls";"1991";"Höfuðborgarsvæði";572;2552;1980;278;1711;1433;294;841;547
"Alls";"1991";"Suðurnes";57;233;176;-16;117;133;73;116;43
"Alls";"1991";"Vesturland";106;192;86;3;58;55;103;134;31
"Alls";"1991";"Vestfirðir";98;242;144;-12;39;51;110;203;93
"Alls";"1991";"Norðurland vestra";52;84;32;42;57;15;10;27;17
"Alls";"1991";"Norðuland eystra";64;254;190;18;160;142;46;94;48
"Alls";"1991";"Austurland";40;178;138;7;67;60;33;111;78
"Alls";"1991";"Suðurland";29;254;225;-23;72;95;52;182;130
"Alls";"1991";"Ótilgreint";-11;-;11;-11;-;11;-;-;-
"Alls";"1992";"Alls";-254;2959;3213;205;1980;1775;-459;979;1438
"Alls";"1992";"Höfuðborgarsvæði";68;1939;1871;156;1392;1236;-88;547;635
"Alls";"1992";"Suðurnes";15;184;169;31;136;105;-16;48;64
"Alls";"1992";"Vesturland";-79;134;213;32;80;48;-111;54;165
"Alls";"1992";"Vestfirðir";-109;108;217;12;42;30;-121;66;187
"Alls";"1992";"Norðurland vestra";-19;51;70;-3;29;32;-16;22;38
"Alls";"1992";"Norðuland eystra";34;240;206;23;160;137;11;80;69
"Alls";"1992";"Austurland";-55;123;178;10;64;54;-65;59;124
"Alls";"1992";"Suðurland";-109;180;289;-56;77;133;-53;103;156
"Alls";"1992";"Ótilgreint";-;-;-;-;-;-;-;-;-
"Alls";"1993";"Alls";-203;2698;2901;-267;1749;2016;64;949;885
"Alls";"1993";"Höfuðborgarsvæði";-43;1879;1922;-147;1297;1444;104;582;478
"Alls";"1993";"Suðurnes";-61;101;162;-47;67;114;-14;34;48
"Alls";"1993";"Vesturland";-1;90;91;-6;47;53;5;43;38
"Alls";"1993";"Vestfirðir";-37;109;146;7;64;57;-44;45;89
"Alls";"1993";"Norðurland vestra";-10;54;64;-25;18;43;15;36;21
"Alls";"1993";"Norðuland eystra";-59;165;224;-41;116;157;-18;49;67
"Alls";"1993";"Austurland";1;116;115;-6;49;55;7;67;60
"Alls";"1993";"Suðurland";7;184;177;-2;91;93;9;93;84
"Alls";"1993";"Ótilgreint";-;-;-;-;-;-;-;-;-
"Alls";"1994";"Alls";-760;2676;3436;-861;1796;2657;101;880;779
"Alls";"1994";"Höfuðborgarsvæði";-407;1846;2253;-406;1391;1797;-1;455;456
"Alls";"1994";"Suðurnes";-78;134;212;-95;80;175;17;54;37
"Alls";"1994";"Vesturland";-56;103;159;-79;41;120;23;62;39
"Alls";"1994";"Vestfirðir";-18;103;121;-28;42;70;10;61;51
"Alls";"1994";"Norðurland vestra";-34;41;75;-32;17;49;-2;24;26
"Alls";"1994";"Norðuland eystra";-47;200;247;-84;119;203;37;81;44
"Alls";"1994";"Austurland";-77;83;160;-70;41;111;-7;42;49
"Alls";"1994";"Suðurland";-43;166;209;-67;65;132;24;101;77
"Alls";"1994";"Ótilgreint";-;-;-;-;-;-;-;-;-
"Alls";"1995";"Alls";-1418;2867;4285;-1637;1929;3566;219;938;719
"Alls";"1995";"Höfuðborgarsvæði";-1041;1913;2954;-1167;1378;2545;126;535;409
"Alls";"1995";"Suðurnes";-72;153;225;-73;114;187;1;39;38
"Alls";"1995";"Vesturland";-4;121;125;-33;59;92;29;62;33
"Alls";"1995";"Vestfirðir";-46;116;162;-62;50;112;16;66;50
"Alls";"1995";"Norðurland vestra";-16;53;69;-30;24;54;14;29;15
"Alls";"1995";"Norðuland eystra";-108;221;329;-145;145;290;37;76;39
"Alls";"1995";"Austurland";-45;98;143;-58;44;102;13;54;41
"Alls";"1995";"Suðurland";-86;192;278;-69;115;184;-17;77;94
"Alls";"1995";"Ótilgreint";-;-;-;-;-;-;-;-;-
"Alls";"1996";"Alls";-444;3664;4108;-1038;2406;3444;594;1258;664
"Alls";"1996";"Höfuðborgarsvæði";-489;2398;2887;-758;1767;2525;269;631;362
"Alls";"1996";"Suðurnes";-46;171;217;-85;104;189;39;67;28
"Alls";"1996";"Vesturland";-9;167;176;-18;89;107;9;78;69
"Alls";"1996";"Vestfirðir";119;236;117;-12;63;75;131;173;42
"Alls";"1996";"Norðurland vestra";0;79;79;-31;32;63;31;47;16
"Alls";"1996";"Norðuland eystra";43;275;232;-24;172;196;67;103;36
"Alls";"1996";"Austurland";-10;120;130;-35;60;95;25;60;35
"Alls";"1996";"Suðurland";-52;218;270;-75;119;194;23;99;76
"Alls";"1996";"Ótilgreint";-;-;-;-;-;-;-;-;-
"Alls";"1997";"Alls";69;3990;3921;-574;2584;3158;643;1406;763
"Alls";"1997";"Höfuðborgarsvæði";-20;2639;2659;-331;1910;2241;311;729;418
"Alls";"1997";"Suðurnes";-40;219;259;-43;166;209;3;53;50
"Alls";"1997";"Vesturland";31;171;140;-19;74;93;50;97;47
"Alls";"1997";"Vestfirðir";80;186;106;-35;51;86;115;135;20
"Alls";"1997";"Norðurland vestra";18;98;80;10;53;43;8;45;37
"Alls";"1997";"Norðuland eystra";-88;240;328;-90;156;246;2;84;82
"Alls";"1997";"Austurland";77;196;119;-29;70;99;106;126;20
"Alls";"1997";"Suðurland";11;241;230;-37;104;141;48;137;89
"Alls";"1997";"Ótilgreint";-;-;-;-;-;-;-;-;-
"Alls";"1998";"Alls";880;4562;3682;-233;2788;3021;1113;1774;661
"Alls";"1998";"Höfuðborgarsvæði";423;2944;2521;-61;2097;2158;484;847;363
"Alls";"1998";"Suðurnes";48;255;207;-38;144;182;86;111;25
"Alls";"1998";"Vesturland";55;232;177;-6;110;116;61;122;61
"Alls";"1998";"Vestfirðir";225;299;74;7;53;46;218;246;28
"Alls";"1998";"Norðurland vestra";23;111;88;-7;54;61;30;57;27
"Alls";"1998";"Norðuland eystra";30;280;250;-49;155;204;79;125;46
"Alls";"1998";"Austurland";-12;137;149;-54;55;109;42;82;40
"Alls";"1998";"Suðurland";88;304;216;-25;120;145;113;184;71
"Alls";"1998";"Ótilgreint";-;-;-;-;-;-;-;-;-
"Alls";"1999";"Alls";1122;4785;3663;158;2867;2709;964;1918;954
"Alls";"1999";"Höfuðborgarsvæði";722;3210;2488;118;2111;1993;604;1099;495
"Alls";"1999";"Suðurnes";81;270;189;7;152;145;74;118;44
"Alls";"1999";"Vesturland";63;217;154;41;126;85;22;91;69
"Alls";"1999";"Vestfirðir";1;123;122;-22;26;48;23;97;74
"Alls";"1999";"Norðurland vestra";41;112;71;0;44;44;41;68;27
"Alls";"1999";"Norðuland eystra";41;329;288;-2;197;199;43;132;89
"Alls";"1999";"Austurland";39;182;143;-12;72;84;51;110;59
"Alls";"1999";"Suðurland";134;342;208;28;139;111;106;203;97
"Alls";"1999";"Ótilgreint";-;-;-;-;-;-;-;-;-
"Alls";"2000";"Alls";1714;5203;3489;62;2741;2679;1652;2462;810
"Alls";"2000";"Höfuðborgarsvæði";1129;3509;2380;95;2039;1944;1034;1470;436
"Alls";"2000";"Suðurnes";148;334;186;5;161;156;143;173;30
"Alls";"2000";"Vesturland";85;258;173;-24;102;126;109;156;47
"Alls";"2000";"Vestfirðir";19;120;101;5;51;46;14;69;55
"Alls";"2000";"Norðurland vestra";57;142;85;-8;38;46;65;104;39
"Alls";"2000";"Norðuland eystra";92;308;216;4;167;163;88;141;53
"Alls";"2000";"Austurland";19;124;105;-31;45;76;50;79;29
"Alls";"2000";"Suðurland";165;408;243;16;138;122;149;270;121
"Alls";"2000";"Ótilgreint";-;-;-;-;-;-;-;-;-
"Alls";"2001";"Alls";968;5002;4034;-472;2487;2959;1440;2515;1075
"Alls";"2001";"Höfuðborgarsvæði";706;3456;2750;-293;1864;2157;999;1592;593
"Alls";"2001";"Suðurnes";57;294;237;-67;118;185;124;176;52
"Alls";"2001";"Vesturland";102;253;151;58;131;73;44;122;78
"Alls";"2001";"Vestfirðir";2;129;127;-37;30;67;39;99;60
"Alls";"2001";"Norðurland vestra";-7;93;100;-30;23;53;23;70;47
"Alls";"2001";"Norðuland eystra";-10;269;279;-59;149;208;49;120;71
"Alls";"2001";"Austurland";-26;115;141;-40;52;92;14;63;49
"Alls";"2001";"Suðurland";144;393;249;-4;120;124;148;273;125
"Alls";"2001";"Ótilgreint";-;-;-;-;-;-;-;-;-
"Alls";"2002";"Alls";-275;4215;4490;-1020;2360;3380;745;1855;1110
"Alls";"2002";"Höfuðborgarsvæði";-341;2839;3180;-777;1721;2498;436;1118;682
"Alls";"2002";"Suðurnes";24;280;256;-30;170;200;54;110;56
"Alls";"2002";"Vesturland";-30;169;199;-58;83;141;28;86;58
"Alls";"2002";"Vestfirðir";27;106;79;-9;26;35;36;80;44
"Alls";"2002";"Norðurland vestra";9;96;87;-22;34;56;31;62;31
"Alls";"2002";"Norðuland eystra";-30;251;281;-60;155;215;30;96;66
"Alls";"2002";"Austurland";10;131;121;-32;60;92;42;71;29
"Alls";"2002";"Suðurland";56;343;287;-32;111;143;88;232;144
"Alls";"2002";"Ótilgreint";-;-;-;-;-;-;-;-;-
"Alls";"2003";"Alls";-133;3704;3837;-613;2351;2964;480;1353;873
"Alls";"2003";"Höfuðborgarsvæði";-186;2518;2704;-467;1716;2183;281;802;521
"Alls";"2003";"Suðurnes";21;186;165;-12;116;128;33;70;37
"Alls";"2003";"Vesturland";-42;133;175;-57;73;130;15;60;45
"Alls";"2003";"Vestfirðir";1;79;78;-12;30;42;13;49;36
"Alls";"2003";"Norðurland vestra";20;99;79;8;52;44;12;47;35
"Alls";"2003";"Norðuland eystra";19;287;268;-53;165;218;72;122;50
"Alls";"2003";"Austurland";82;173;91;16;82;66;66;91;25
"Alls";"2003";"Suðurland";-48;229;277;-36;117;153;-12;112;124
"Alls";"2003";"Ótilgreint";-;-;-;-;-;-;-;-;-
"Alls";"2004";"Alls";530;5350;4820;-438;2838;3276;968;2512;1544
"Alls";"2004";"Höfuðborgarsvæði";-75;3101;3176;-254;2099;2353;179;1002;823
"Alls";"2004";"Suðurnes";-26;243;269;-73;155;228;47;88;41
"Alls";"2004";"Vesturland";1;166;165;-17;96;113;18;70;52
"Alls";"2004";"Vestfirðir";36;115;79;1;46;45;35;69;34
"Alls";"2004";"Norðurland vestra";-48;73;121;-36;28;64;-12;45;57
"Alls";"2004";"Norðuland eystra";8;308;300;-30;194;224;38;114;76
"Alls";"2004";"Austurland";593;969;376;4;64;60;589;905;316
"Alls";"2004";"Suðurland";41;375;334;-33;156;189;74;219;145
"Alls";"2004";"Ótilgreint";-;-;-;-;-;-;-;-;-
"Alls";"2005";"Alls";3860;7773;3913;118;3093;2975;3742;4680;938
"Alls";"2005";"Höfuðborgarsvæði";1497;4135;2638;149;2323;2174;1348;1812;464
"Alls";"2005";"Suðurnes";168;362;194;-6;173;179;174;189;15
"Alls";"2005";"Vesturland";267;391;124;9;102;93;258;289;31
"Alls";"2005";"Vestfirðir";116;184;68;10;46;36;106;138;32
"Alls";"2005";"Norðurland vestra";59;116;57;2;44;42;57;72;15
"Alls";"2005";"Norðuland eystra";68;380;312;-56;192;248;124;188;64
"Alls";"2005";"Austurland";1461;1769;308;3;70;67;1458;1699;241
"Alls";"2005";"Suðurland";224;436;212;7;143;136;217;293;76
"Alls";"2005";"Ótilgreint";-;-;-;-;-;-;-;-;-
"Alls";"2006";"Alls";5255;9832;4577;-280;2762;3042;5535;7070;1535
"Alls";"2006";"Höfuðborgarsvæði";2551;5391;2840;-55;2102;2157;2606;3289;683
"Alls";"2006";"Suðurnes";469;709;240;-51;144;195;520;565;45
"Alls";"2006";"Vesturland";160;382;222;-44;97;141;204;285;81
"Alls";"2006";"Vestfirðir";122;176;54;3;31;28;119;145;26
"Alls";"2006";"Norðurland vestra";-12;83;95;-38;21;59;26;62;36
"Alls";"2006";"Norðuland eystra";135;427;292;-60;156;216;195;271;76
"Alls";"2006";"Austurland";1544;2098;554;1;97;96;1543;2001;458
"Alls";"2006";"Suðurland";286;566;280;-36;114;150;322;452;130
"Alls";"2006";"Ótilgreint";-;-;-;-;-;-;-;-;-
"Alls";"2007";"Alls";5132;12546;7414;-167;3228;3395;5299;9318;4019
"Alls";"2007";"Höfuðborgarsvæði";4613;7978;3365;-80;2329;2409;4693;5649;956
"Alls";"2007";"Suðurnes";548;1053;505;-66;207;273;614;846;232
"Alls";"2007";"Vesturland";387;626;239;0;140;140;387;486;99
"Alls";"2007";"Vestfirðir";105;189;84;-31;17;48;136;172;36
"Alls";"2007";"Norðurland vestra";59;143;84;-13;43;56;72;100;28
"Alls";"2007";"Norðuland eystra";338;650;312;22;228;206;316;422;106
"Alls";"2007";"Austurland";-1376;1170;2546;-17;80;97;-1359;1090;2449
"Alls";"2007";"Suðurland";458;737;279;18;184;166;440;553;113
"Alls";"2007";"Ótilgreint";-;-;-;-;-;-;-;-;-
"Alls";"2008";"Alls";1144;10288;9144;-477;2817;3294;1621;7471;5850
"Alls";"2008";"Höfuðborgarsvæði";1404;6797;5393;-441;1970;2411;1845;4827;2982
"Alls";"2008";"Suðurnes";121;859;738;34;249;215;87;610;523
"Alls";"2008";"Vesturland";116;489;373;-22;94;116;138;395;257
"Alls";"2008";"Vestfirðir";126;220;94;-15;19;34;141;201;60
"Alls";"2008";"Norðurland vestra";67;145;78;6;43;37;61;102;41
"Alls";"2008";"Norðuland eystra";109;527;418;-10;211;221;119;316;197
"Alls";"2008";"Austurland";-1056;627;1683;4;88;84;-1060;539;1599
"Alls";"2008";"Suðurland";257;624;367;-33;143;176;290;481;191
"Alls";"2008";"Ótilgreint";-;-;-;-;-;-;-;-;-
"Alls";"2009";"Alls";-4835;5777;10612;-2466;2385;4851;-2369;3392;5761
"Alls";"2009";"Höfuðborgarsvæði";-3212;3944;7156;-1746;1709;3455;-1466;2235;3701
"Alls";"2009";"Suðurnes";-249;429;678;-190;157;347;-59;272;331
"Alls";"2009";"Vesturland";-256;220;476;-108;67;175;-148;153;301
"Alls";"2009";"Vestfirðir";-45;145;190;-54;40;94;9;105;96
"Alls";"2009";"Norðurland vestra";0;100;100;-14;32;46;14;68;54
"Alls";"2009";"Norðuland eystra";-268;371;639;-134;171;305;-134;200;334
"Alls";"2009";"Austurland";-455;191;646;-46;76;122;-409;115;524
"Alls";"2009";"Suðurland";-350;377;727;-174;133;307;-176;244;420
"Alls";"2009";"Ótilgreint";-;-;-;-;-;-;-;-;-
"Alls";"2010";"Alls";-2134;5625;7759;-1703;2637;4340;-431;2988;3419
"Alls";"2010";"Höfuðborgarsvæði";-1234;3884;5118;-1149;1857;3006;-85;2027;2112
"Alls";"2010";"Suðurnes";-346;372;718;-186;179;365;-160;193;353
"Alls";"2010";"Vesturland";-49;221;270;-59;107;166;10;114;104
"Alls";"2010";"Vestfirðir";-103;106;209;-40;28;68;-63;78;141
"Alls";"2010";"Norðurland vestra";-10;82;92;-12;31;43;2;51;49
"Alls";"2010";"Norðuland eystra";-115;375;490;-128;179;307;13;196;183
"Alls";"2010";"Austurland";-135;177;312;-45;72;117;-90;105;195
"Alls";"2010";"Suðurland";-142;408;550;-84;184;268;-58;224;282
"Alls";"2010";"Ótilgreint";-;-;-;-;-;-;-;-;-
"Alls";"2011";"Alls";-1404;5578;6982;-1311;2824;4135;-93;2754;2847
"Alls";"2011";"Höfuðborgarsvæði";-1127;3805;4932;-962;2045;3007;-165;1760;1925
"Alls";"2011";"Suðurnes";-153;370;523;-95;195;290;-58;175;233
"Alls";"2011";"Vesturland";12;238;226;5;111;106;7;127;120
"Alls";"2011";"Vestfirðir";-9;127;136;-37;27;64;28;100;72
"Alls";"2011";"Norðurland vestra";-29;83;112;-24;37;61;-5;46;51
"Alls";"2011";"Norðuland eystra";-92;317;409;-95;172;267;3;145;142
"Alls";"2011";"Austurland";23;201;178;-25;75;100;48;126;78
"Alls";"2011";"Suðurland";-29;437;466;-78;162;240;49;275;226
"Alls";"2011";"Ótilgreint";-;-;-;-;-;-;-;-;-
"Alls";"2012";"Alls";-319;5957;6276;-936;3130;4066;617;2827;2210
"Alls";"2012";"Höfuðborgarsvæði";-212;4165;4377;-571;2333;2904;359;1832;1473
"Alls";"2012";"Suðurnes";-86;353;439;-103;181;284;17;172;155
"Alls";"2012";"Vesturland";29;261;232;-43;122;165;72;139;67
"Alls";"2012";"Vestfirðir";22;118;96;-21;30;51;43;88;45
"Alls";"2012";"Norðurland vestra";-45;80;125;-16;41;57;-29;39;68
"Alls";"2012";"Norðuland eystra";-1;335;336;-47;192;239;46;143;97
"Alls";"2012";"Austurland";-17;179;196;-34;66;100;17;113;96
"Alls";"2012";"Suðurland";-9;466;475;-101;165;266;92;301;209
"Alls";"2012";"Ótilgreint";-;-;-;-;-;-;-;-;-
"Alls";"2013";"Alls";1598;7071;5473;-36;3139;3175;1634;3932;2298
"Alls";"2013";"Höfuðborgarsvæði";1058;4863;3805;40;2347;2307;1018;2516;1498
"Alls";"2013";"Suðurnes";177;491;314;17;203;186;160;288;128
"Alls";"2013";"Vesturland";60;271;211;-1;104;105;61;167;106
"Alls";"2013";"Vestfirðir";39;171;132;-6;43;49;45;128;83
"Alls";"2013";"Norðurland vestra";7;97;90;-3;32;35;10;65;55
"Alls";"2013";"Norðuland eystra";37;395;358;-64;174;238;101;221;120
"Alls";"2013";"Austurland";98;247;149;23;72;49;75;175;100
"Alls";"2013";"Suðurland";122;536;414;-42;164;206;164;372;208
"Alls";"2013";"Ótilgreint";-;-;-;-;-;-;-;-;-
"Alls";"2014";"Alls";1113;6988;5875;-760;2640;3400;1873;4348;2475
"Alls";"2014";"Höfuðborgarsvæði";585;4657;4072;-449;1957;2406;1034;2700;1666
"Alls";"2014";"Suðurnes";134;493;359;-65;167;232;199;326;127
"Alls";"2014";"Vesturland";71;265;194;-32;87;119;103;178;75
"Alls";"2014";"Vestfirðir";77;176;99;-8;37;45;85;139;54
"Alls";"2014";"Norðurland vestra";16;122;106;-13;47;60;29;75;46
"Alls";"2014";"Norðuland eystra";13;399;386;-95;152;247;108;247;139
"Alls";"2014";"Austurland";39;232;193;-56;40;96;95;192;97
"Alls";"2014";"Suðurland";178;644;466;-42;153;195;220;491;271
"Alls";"2014";"Ótilgreint";-;-;-;-;-;-;-;-;-
"Karlar";"1986";"Alls";-159;1268;1427;-233;1015;1248;74;253;179
"Karlar";"1986";"Höfuðborgarsvæði";-62;897;959;-116;725;841;54;172;118
"Karlar";"1986";"Suðurnes";-17;71;88;-19;59;78;2;12;10
"Karlar";"1986";"Vesturland";-45;37;82;-40;32;72;-5;5;10
"Karlar";"1986";"Vestfirðir";-3;37;40;-11;27;38;8;10;2
"Karlar";"1986";"Norðurland vestra";-13;24;37;-13;21;34;0;3;3
"Karlar";"1986";"Norðuland eystra";-6;108;114;-13;86;99;7;22;15
"Karlar";"1986";"Austurland";0;32;32;-4;24;28;4;8;4
"Karlar";"1986";"Suðurland";-14;61;75;-18;40;58;4;21;17
"Karlar";"1986";"Ótilgreint";1;1;-;1;1;-;-;-;-
"Karlar";"1987";"Alls";560;1712;1152;335;1300;965;225;412;187
"Karlar";"1987";"Höfuðborgarsvæði";415;1194;779;274;918;644;141;276;135
"Karlar";"1987";"Suðurnes";39;93;54;18;68;50;21;25;4
"Karlar";"1987";"Vesturland";32;76;44;23;62;39;9;14;5
"Karlar";"1987";"Vestfirðir";3;35;32;-2;27;29;5;8;3
"Karlar";"1987";"Norðurland vestra";16;39;23;3;21;18;13;18;5
"Karlar";"1987";"Norðuland eystra";26;122;96;11;90;79;15;32;17
"Karlar";"1987";"Austurland";5;54;49;-5;36;41;10;18;8
"Karlar";"1987";"Suðurland";28;99;71;13;78;65;15;21;6
"Karlar";"1987";"Ótilgreint";-4;-;4;-;-;-;-4;-;4
"Karlar";"1988";"Alls";697;1903;1206;275;1171;896;422;732;310
"Karlar";"1988";"Höfuðborgarsvæði";427;1237;810;194;798;604;233;439;206
"Karlar";"1988";"Suðurnes";79;149;70;34;85;51;45;64;19
"Karlar";"1988";"Vesturland";4;63;59;-10;42;52;14;21;7
"Karlar";"1988";"Vestfirðir";42;79;37;3;26;23;39;53;14
"Karlar";"1988";"Norðurland vestra";30;65;35;15;38;23;15;27;12
"Karlar";"1988";"Norðuland eystra";22;131;109;6;85;79;16;46;30
"Karlar";"1988";"Austurland";29;59;30;15;37;22;14;22;8
"Karlar";"1988";"Suðurland";63;118;55;17;58;41;46;60;14
"Karlar";"1988";"Ótilgreint";1;2;1;1;2;1;-;-;-
"Karlar";"1989";"Alls";-589;1208;1797;-607;802;1409;18;406;388
"Karlar";"1989";"Höfuðborgarsvæði";-445;806;1251;-455;562;1017;10;244;234
"Karlar";"1989";"Suðurnes";-35;65;100;-28;45;73;-7;20;27
"Karlar";"1989";"Vesturland";12;71;59;-9;38;47;21;33;12
"Karlar";"1989";"Vestfirðir";-32;38;70;-29;17;46;-3;21;24
"Karlar";"1989";"Norðurland vestra";-17;25;42;-12;17;29;-5;8;13
"Karlar";"1989";"Norðuland eystra";-32;77;109;-41;40;81;9;37;28
"Karlar";"1989";"Austurland";-23;37;60;-21;27;48;-2;10;12
"Karlar";"1989";"Suðurland";-11;89;100;-9;56;65;-2;33;35
"Karlar";"1989";"Ótilgreint";-6;-;6;-3;-;3;-3;-;3
"Karlar";"1990";"Alls";-406;1493;1899;-456;993;1449;50;500;450
"Karlar";"1990";"Höfuðborgarsvæði";-319;1007;1326;-277;742;1019;-42;265;307
"Karlar";"1990";"Suðurnes";-23;71;94;-24;44;68;1;27;26
"Karlar";"1990";"Vesturland";-12;67;79;-44;25;69;32;42;10
"Karlar";"1990";"Vestfirðir";4;82;78;-40;15;55;44;67;23
"Karlar";"1990";"Norðurland vestra";-1;27;28;-5;19;24;4;8;4
"Karlar";"1990";"Norðuland eystra";-46;76;122;-37;55;92;-9;21;30
"Karlar";"1990";"Austurland";-7;60;67;-16;42;58;9;18;9
"Karlar";"1990";"Suðurland";-1;103;104;-13;51;64;12;52;40
"Karlar";"1990";"Ótilgreint";-1;-;1;-;-;-;-1;-;1
"Karlar";"1991";"Alls";440;1832;1392;150;1140;990;290;692;402
"Karlar";"1991";"Höfuðborgarsvæði";258;1215;957;136;862;726;122;353;231
"Karlar";"1991";"Suðurnes";29;98;69;4;53;49;25;45;20
"Karlar";"1991";"Vesturland";56;96;40;2;29;27;54;67;13
"Karlar";"1991";"Vestfirðir";42;107;65;-8;19;27;50;88;38
"Karlar";"1991";"Norðurland vestra";22;39;17;17;25;8;5;14;9
"Karlar";"1991";"Norðuland eystra";24;115;91;14;82;68;10;33;23
"Karlar";"1991";"Austurland";2;60;58;2;37;35;0;23;23
"Karlar";"1991";"Suðurland";13;102;89;-11;33;44;24;69;45
"Karlar";"1991";"Ótilgreint";-6;-;6;-6;-;6;-;-;-
"Karlar";"1992";"Alls";-141;1368;1509;164;999;835;-305;369;674
"Karlar";"1992";"Höfuðborgarsvæði";35;912;877;115;700;585;-80;212;292
"Karlar";"1992";"Suðurnes";19;94;75;25;67;42;-6;27;33
"Karlar";"1992";"Vesturland";-79;53;132;10;37;27;-89;16;105
"Karlar";"1992";"Vestfirðir";-62;51;113;10;28;18;-72;23;95
"Karlar";"1992";"Norðurland vestra";-10;24;34;0;16;16;-10;8;18
"Karlar";"1992";"Norðuland eystra";13;103;90;14;77;63;-1;26;27
"Karlar";"1992";"Austurland";0;56;56;11;35;24;-11;21;32
"Karlar";"1992";"Suðurland";-57;75;132;-21;39;60;-36;36;72
"Karlar";"1992";"Ótilgreint";-;-;-;-;-;-;-;-;-
"Karlar";"1993";"Alls";-117;1248;1365;-119;884;1003;2;364;362
"Karlar";"1993";"Höfuðborgarsvæði";-27;895;922;-51;672;723;24;223;199
"Karlar";"1993";"Suðurnes";-29;48;77;-19;34;53;-10;14;24
"Karlar";"1993";"Vesturland";-4;41;45;-5;21;26;1;20;19
"Karlar";"1993";"Vestfirðir";-14;48;62;3;29;26;-17;19;36
"Karlar";"1993";"Norðurland vestra";-8;20;28;-13;8;21;5;12;7
"Karlar";"1993";"Norðuland eystra";-30;72;102;-24;53;77;-6;19;25
"Karlar";"1993";"Austurland";-1;53;54;-8;24;32;7;29;22
"Karlar";"1993";"Suðurland";-4;71;75;-2;43;45;-2;28;30
"Karlar";"1993";"Ótilgreint";-;-;-;-;-;-;-;-;-
"Karlar";"1994";"Alls";-416;1224;1640;-466;893;1359;50;331;281
"Karlar";"1994";"Höfuðborgarsvæði";-223;869;1092;-224;702;926;1;167;166
"Karlar";"1994";"Suðurnes";-36;64;100;-49;33;82;13;31;18
"Karlar";"1994";"Vesturland";-43;34;77;-47;16;63;4;18;14
"Karlar";"1994";"Vestfirðir";-14;48;62;-16;24;40;2;24;22
"Karlar";"1994";"Norðurland vestra";-15;21;36;-17;9;26;2;12;10
"Karlar";"1994";"Norðuland eystra";-27;90;117;-39;59;98;12;31;19
"Karlar";"1994";"Austurland";-32;35;67;-36;18;54;4;17;13
"Karlar";"1994";"Suðurland";-26;63;89;-38;32;70;12;31;19
"Karlar";"1994";"Ótilgreint";-;-;-;-;-;-;-;-;-
"Karlar";"1995";"Alls";-852;1329;2181;-905;993;1898;53;336;283
"Karlar";"1995";"Höfuðborgarsvæði";-611;925;1536;-660;708;1368;49;217;168
"Karlar";"1995";"Suðurnes";-42;68;110;-39;54;93;-3;14;17
"Karlar";"1995";"Vesturland";-17;42;59;-21;32;53;4;10;6
"Karlar";"1995";"Vestfirðir";-36;51;87;-30;33;63;-6;18;24
"Karlar";"1995";"Norðurland vestra";-9;19;28;-12;13;25;3;6;3
"Karlar";"1995";"Norðuland eystra";-52;104;156;-71;68;139;19;36;17
"Karlar";"1995";"Austurland";-34;36;70;-31;25;56;-3;11;14
"Karlar";"1995";"Suðurland";-51;84;135;-41;60;101;-10;24;34
"Karlar";"1995";"Ótilgreint";-;-;-;-;-;-;-;-;-
"Karlar";"1996";"Alls";-257;1779;2036;-530;1250;1780;273;529;256
"Karlar";"1996";"Höfuðborgarsvæði";-250;1186;1436;-375;906;1281;125;280;155
"Karlar";"1996";"Suðurnes";-22;87;109;-48;50;98;26;37;11
"Karlar";"1996";"Vesturland";2;77;75;-10;46;56;12;31;19
"Karlar";"1996";"Vestfirðir";43;105;62;-6;39;45;49;66;17
"Karlar";"1996";"Norðurland vestra";-16;27;43;-20;15;35;4;12;8
"Karlar";"1996";"Norðuland eystra";25;139;114;-4;96;100;29;43;14
"Karlar";"1996";"Austurland";-8;59;67;-25;32;57;17;27;10
"Karlar";"1996";"Suðurland";-31;99;130;-42;66;108;11;33;22
"Karlar";"1996";"Ótilgreint";-;-;-;-;-;-;-;-;-
"Karlar";"1997";"Alls";-13;1951;1964;-303;1336;1639;290;615;325
"Karlar";"1997";"Höfuðborgarsvæði";-50;1324;1374;-196;985;1181;146;339;193
"Karlar";"1997";"Suðurnes";-7;116;123;-7;88;95;0;28;28
"Karlar";"1997";"Vesturland";6;72;66;-12;40;52;18;32;14
"Karlar";"1997";"Vestfirðir";25;73;48;-16;25;41;41;48;7
"Karlar";"1997";"Norðurland vestra";10;42;32;5;29;24;5;13;8
"Karlar";"1997";"Norðuland eystra";-46;116;162;-51;73;124;5;43;38
"Karlar";"1997";"Austurland";51;103;52;-4;41;45;55;62;7
"Karlar";"1997";"Suðurland";-2;105;107;-22;55;77;20;50;30
"Karlar";"1997";"Ótilgreint";-;-;-;-;-;-;-;-;-
"Karlar";"1998";"Alls";415;2231;1816;-129;1434;1563;544;797;253
"Karlar";"1998";"Höfuðborgarsvæði";221;1479;1258;-27;1082;1109;248;397;149
"Karlar";"1998";"Suðurnes";8;123;115;-35;67;102;43;56;13
"Karlar";"1998";"Vesturland";29;111;82;-5;57;62;34;54;20
"Karlar";"1998";"Vestfirðir";92;125;33;4;28;24;88;97;9
"Karlar";"1998";"Norðurland vestra";11;50;39;-7;29;36;18;21;3
"Karlar";"1998";"Norðuland eystra";6;127;121;-20;77;97;26;50;24
"Karlar";"1998";"Austurland";-7;72;79;-35;30;65;28;42;14
"Karlar";"1998";"Suðurland";55;144;89;-4;64;68;59;80;21
"Karlar";"1998";"Ótilgreint";-;-;-;-;-;-;-;-;-
"Karlar";"1999";"Alls";503;2317;1814;52;1432;1380;451;885;434
"Karlar";"1999";"Höfuðborgarsvæði";312;1573;1261;32;1053;1021;280;520;240
"Karlar";"1999";"Suðurnes";38;147;109;0;80;80;38;67;29
"Karlar";"1999";"Vesturland";35;92;57;27;62;35;8;30;22
"Karlar";"1999";"Vestfirðir";5;54;49;-9;17;26;14;37;23
"Karlar";"1999";"Norðurland vestra";21;55;34;2;24;22;19;31;12
"Karlar";"1999";"Norðuland eystra";14;151;137;0;93;93;14;58;44
"Karlar";"1999";"Austurland";15;94;79;-10;38;48;25;56;31
"Karlar";"1999";"Suðurland";63;151;88;10;65;55;53;86;33
"Karlar";"1999";"Ótilgreint";-;-;-;-;-;-;-;-;-
"Karlar";"2000";"Alls";837;2588;1751;23;1415;1392;814;1173;359
"Karlar";"2000";"Höfuðborgarsvæði";573;1769;1196;50;1048;998;523;721;198
"Karlar";"2000";"Suðurnes";68;173;105;-6;77;83;74;96;22
"Karlar";"2000";"Vesturland";40;120;80;-8;54;62;48;66;18
"Karlar";"2000";"Vestfirðir";12;62;50;2;28;26;10;34;24
"Karlar";"2000";"Norðurland vestra";23;63;40;-3;23;26;26;40;14
"Karlar";"2000";"Norðuland eystra";32;140;108;1;82;81;31;58;27
"Karlar";"2000";"Austurland";12;65;53;-17;25;42;29;40;11
"Karlar";"2000";"Suðurland";77;196;119;4;78;74;73;118;45
"Karlar";"2000";"Ótilgreint";-;-;-;-;-;-;-;-;-
"Karlar";"2001";"Alls";489;2435;1946;-238;1242;1480;727;1193;466
"Karlar";"2001";"Höfuðborgarsvæði";363;1706;1343;-157;913;1070;520;793;273
"Karlar";"2001";"Suðurnes";35;160;125;-28;66;94;63;94;31
"Karlar";"2001";"Vesturland";48;121;73;28;65;37;20;56;36
"Karlar";"2001";"Vestfirðir";6;59;53;-16;16;32;22;43;21
"Karlar";"2001";"Norðurland vestra";-8;38;46;-17;12;29;9;26;17
"Karlar";"2001";"Norðuland eystra";-11;121;132;-27;77;104;16;44;28
"Karlar";"2001";"Austurland";-22;53;75;-22;27;49;0;26;26
"Karlar";"2001";"Suðurland";78;177;99;1;66;65;77;111;34
"Karlar";"2001";"Ótilgreint";-;-;-;-;-;-;-;-;-
"Karlar";"2002";"Alls";-255;2042;2297;-522;1212;1734;267;830;563
"Karlar";"2002";"Höfuðborgarsvæði";-260;1400;1660;-397;883;1280;137;517;380
"Karlar";"2002";"Suðurnes";15;150;135;-12;89;101;27;61;34
"Karlar";"2002";"Vesturland";-20;78;98;-33;40;73;13;38;25
"Karlar";"2002";"Vestfirðir";22;54;32;-2;14;16;24;40;16
"Karlar";"2002";"Norðurland vestra";-1;42;43;-16;16;32;15;26;11
"Karlar";"2002";"Norðuland eystra";-31;110;141;-35;75;110;4;35;31
"Karlar";"2002";"Austurland";1;66;65;-15;33;48;16;33;17
"Karlar";"2002";"Suðurland";19;142;123;-12;62;74;31;80;49
"Karlar";"2002";"Ótilgreint";-;-;-;-;-;-;-;-;-
"Karlar";"2003";"Alls";-62;1836;1898;-314;1194;1508;252;642;390
"Karlar";"2003";"Höfuðborgarsvæði";-82;1252;1334;-217;882;1099;135;370;235
"Karlar";"2003";"Suðurnes";-1;88;89;-14;51;65;13;37;24
"Karlar";"2003";"Vesturland";-13;68;81;-25;40;65;12;28;16
"Karlar";"2003";"Vestfirðir";-2;42;44;-9;17;26;7;25;18
"Karlar";"2003";"Norðurland vestra";-4;38;42;-9;21;30;5;17;12
"Karlar";"2003";"Norðuland eystra";8;146;138;-30;83;113;38;63;25
"Karlar";"2003";"Austurland";62;106;44;11;44;33;51;62;11
"Karlar";"2003";"Suðurland";-30;96;126;-21;56;77;-9;40;49
"Karlar";"2003";"Ótilgreint";-;-;-;-;-;-;-;-;-
"Karlar";"2004";"Alls";536;3011;2475;-148;1455;1603;684;1556;872
"Karlar";"2004";"Höfuðborgarsvæði";-64;1517;1581;-97;1064;1161;33;453;420
"Karlar";"2004";"Suðurnes";2;125;123;-24;74;98;26;51;25
"Karlar";"2004";"Vesturland";12;88;76;-2;50;52;14;38;24
"Karlar";"2004";"Vestfirðir";14;51;37;0;22;22;14;29;15
"Karlar";"2004";"Norðurland vestra";-13;38;51;-7;22;29;-6;16;22
"Karlar";"2004";"Norðuland eystra";2;161;159;-10;109;119;12;52;40
"Karlar";"2004";"Austurland";554;860;306;1;29;28;553;831;278
"Karlar";"2004";"Suðurland";29;171;142;-9;85;94;38;86;48
"Karlar";"2004";"Ótilgreint";-;-;-;-;-;-;-;-;-
"Karlar";"2005";"Alls";2787;4782;1995;126;1574;1448;2661;3208;547
"Karlar";"2005";"Höfuðborgarsvæði";911;2198;1287;114;1166;1052;797;1032;235
"Karlar";"2005";"Suðurnes";106;206;100;8;100;92;98;106;8
"Karlar";"2005";"Vesturland";196;255;59;6;47;41;190;208;18
"Karlar";"2005";"Vestfirðir";75;100;25;11;28;17;64;72;8
"Karlar";"2005";"Norðurland vestra";33;55;22;7;25;18;26;30;4
"Karlar";"2005";"Norðuland eystra";36;193;157;-28;98;126;64;95;31
"Karlar";"2005";"Austurland";1291;1546;255;-2;33;35;1293;1513;220
"Karlar";"2005";"Suðurland";139;229;90;10;77;67;129;152;23
"Karlar";"2005";"Ótilgreint";-;-;-;-;-;-;-;-;-
"Karlar";"2006";"Alls";4069;6541;2472;-117;1405;1522;4186;5136;950
"Karlar";"2006";"Höfuðborgarsvæði";1785;3220;1435;-16;1058;1074;1801;2162;361
"Karlar";"2006";"Suðurnes";373;486;113;-13;76;89;386;410;24
"Karlar";"2006";"Vesturland";131;243;112;-24;47;71;155;196;41
"Karlar";"2006";"Vestfirðir";74;102;28;-2;15;17;76;87;11
"Karlar";"2006";"Norðurland vestra";-10;34;44;-24;11;35;14;23;9
"Karlar";"2006";"Norðuland eystra";96;243;147;-25;84;109;121;159;38
"Karlar";"2006";"Austurland";1402;1858;456;1;49;48;1401;1809;408
"Karlar";"2006";"Suðurland";218;355;137;-14;65;79;232;290;58
"Karlar";"2006";"Ótilgreint";-;-;-;-;-;-;-;-;-
"Karlar";"2007";"Alls";2953;7915;4962;-36;1651;1687;2989;6264;3275
"Karlar";"2007";"Höfuðborgarsvæði";3129;4880;1751;-10;1182;1192;3139;3698;559
"Karlar";"2007";"Suðurnes";391;680;289;-18;105;123;409;575;166
"Karlar";"2007";"Vesturland";268;415;147;-2;72;74;270;343;73
"Karlar";"2007";"Vestfirðir";65;116;51;-17;10;27;82;106;24
"Karlar";"2007";"Norðurland vestra";46;72;26;-2;21;23;48;51;3
"Karlar";"2007";"Norðuland eystra";206;366;160;8;110;102;198;256;58
"Karlar";"2007";"Austurland";-1423;970;2393;-10;47;57;-1413;923;2336
"Karlar";"2007";"Suðurland";271;416;145;15;104;89;256;312;56
"Karlar";"2007";"Ótilgreint";-;-;-;-;-;-;-;-;-
"Karlar";"2008";"Alls";-277;5959;6236;-248;1419;1667;-29;4540;4569
"Karlar";"2008";"Höfuðborgarsvæði";492;3867;3375;-215;986;1201;707;2881;2174
"Karlar";"2008";"Suðurnes";-49;496;545;12;121;109;-61;375;436
"Karlar";"2008";"Vesturland";-7;264;271;-19;46;65;12;218;206
"Karlar";"2008";"Vestfirðir";81;138;57;-5;15;20;86;123;37
"Karlar";"2008";"Norðurland vestra";34;69;35;13;23;10;21;46;25
"Karlar";"2008";"Norðuland eystra";56;289;233;-9;105;114;65;184;119
"Karlar";"2008";"Austurland";-1010;498;1508;-7;43;50;-1003;455;1458
"Karlar";"2008";"Suðurland";126;338;212;-18;80;98;144;258;114
"Karlar";"2008";"Ótilgreint";-;-;-;-;-;-;-;-;-
"Karlar";"2009";"Alls";-3689;2982;6671;-1415;1221;2636;-2274;1761;4035
"Karlar";"2009";"Höfuðborgarsvæði";-2402;2024;4426;-1009;867;1876;-1393;1157;2550
"Karlar";"2009";"Suðurnes";-166;248;414;-99;84;183;-67;164;231
"Karlar";"2009";"Vesturland";-215;107;322;-59;38;97;-156;69;225
"Karlar";"2009";"Vestfirðir";-40;73;113;-37;18;55;-3;55;58
"Karlar";"2009";"Norðurland vestra";-13;38;51;-11;15;26;-2;23;25
"Karlar";"2009";"Norðuland eystra";-207;181;388;-78;83;161;-129;98;227
"Karlar";"2009";"Austurland";-385;114;499;-16;44;60;-369;70;439
"Karlar";"2009";"Suðurland";-261;197;458;-106;72;178;-155;125;280
"Karlar";"2009";"Ótilgreint";-;-;-;-;-;-;-;-;-
"Karlar";"2010";"Alls";-1428;2965;4393;-844;1428;2272;-584;1537;2121
"Karlar";"2010";"Höfuðborgarsvæði";-823;2064;2887;-588;995;1583;-235;1069;1304
"Karlar";"2010";"Suðurnes";-257;191;448;-99;95;194;-158;96;254
"Karlar";"2010";"Vesturland";-26;113;139;-26;59;85;0;54;54
"Karlar";"2010";"Vestfirðir";-84;57;141;-18;18;36;-66;39;105
"Karlar";"2010";"Norðurland vestra";-12;36;48;-10;14;24;-2;22;24
"Karlar";"2010";"Norðuland eystra";-65;196;261;-48;103;151;-17;93;110
"Karlar";"2010";"Austurland";-89;104;193;-17;44;61;-72;60;132
"Karlar";"2010";"Suðurland";-72;204;276;-38;100;138;-34;104;138
"Karlar";"2010";"Ótilgreint";-;-;-;-;-;-;-;-;-
"Karlar";"2011";"Alls";-986;2842;3828;-691;1465;2156;-295;1377;1672
"Karlar";"2011";"Höfuðborgarsvæði";-742;1941;2683;-476;1063;1539;-266;878;1144
"Karlar";"2011";"Suðurnes";-144;185;329;-73;91;164;-71;94;165
"Karlar";"2011";"Vesturland";2;118;116;2;56;54;0;62;62
"Karlar";"2011";"Vestfirðir";3;73;70;-14;17;31;17;56;39
"Karlar";"2011";"Norðurland vestra";-15;41;56;-10;22;32;-5;19;24
"Karlar";"2011";"Norðuland eystra";-51;159;210;-44;93;137;-7;66;73
"Karlar";"2011";"Austurland";13;112;99;-15;37;52;28;75;47
"Karlar";"2011";"Suðurland";-52;213;265;-61;86;147;9;127;118
"Karlar";"2011";"Ótilgreint";-;-;-;-;-;-;-;-;-
"Karlar";"2012";"Alls";-300;3047;3347;-506;1609;2115;206;1438;1232
"Karlar";"2012";"Höfuðborgarsvæði";-204;2128;2332;-323;1179;1502;119;949;830
"Karlar";"2012";"Suðurnes";-52;196;248;-55;101;156;3;95;92
"Karlar";"2012";"Vesturland";7;129;122;-25;63;88;32;66;34
"Karlar";"2012";"Vestfirðir";2;54;52;-8;15;23;10;39;29
"Karlar";"2012";"Norðurland vestra";-27;40;67;-10;20;30;-17;20;37
"Karlar";"2012";"Norðuland eystra";10;169;159;-23;98;121;33;71;38
"Karlar";"2012";"Austurland";-11;97;108;-16;34;50;5;63;58
"Karlar";"2012";"Suðurland";-25;234;259;-46;99;145;21;135;114
"Karlar";"2012";"Ótilgreint";-;-;-;-;-;-;-;-;-
"Karlar";"2013";"Alls";819;3689;2870;-41;1623;1664;860;2066;1206
"Karlar";"2013";"Höfuðborgarsvæði";557;2549;1992;15;1211;1196;542;1338;796
"Karlar";"2013";"Suðurnes";100;281;181;20;121;101;80;160;80
"Karlar";"2013";"Vesturland";26;130;104;-1;53;54;27;77;50
"Karlar";"2013";"Vestfirðir";8;82;74;-3;23;26;11;59;48
"Karlar";"2013";"Norðurland vestra";-1;44;45;-6;16;22;5;28;23
"Karlar";"2013";"Norðuland eystra";-7;184;191;-55;78;133;48;106;58
"Karlar";"2013";"Austurland";46;141;95;2;33;31;44;108;64
"Karlar";"2013";"Suðurland";90;278;188;-13;88;101;103;190;87
"Karlar";"2013";"Ótilgreint";-;-;-;-;-;-;-;-;-
"Karlar";"2014";"Alls";700;3815;3115;-344;1406;1750;1044;2409;1365
"Karlar";"2014";"Höfuðborgarsvæði";334;2509;2175;-223;1015;1238;557;1494;937
"Karlar";"2014";"Suðurnes";82;277;195;-33;93;126;115;184;69
"Karlar";"2014";"Vesturland";35;144;109;-11;50;61;46;94;48
"Karlar";"2014";"Vestfirðir";50;99;49;2;21;19;48;78;30
"Karlar";"2014";"Norðurland vestra";11;62;51;-7;25;32;18;37;19
"Karlar";"2014";"Norðuland eystra";31;225;194;-41;86;127;72;139;67
"Karlar";"2014";"Austurland";43;153;110;-22;25;47;65;128;63
"Karlar";"2014";"Suðurland";114;346;232;-9;91;100;123;255;132
"Karlar";"2014";"Ótilgreint";-;-;-;-;-;-;-;-;-
"Konur";"1986";"Alls";-102;1435;1537;-205;1026;1231;103;409;306
"Konur";"1986";"Höfuðborgarsvæði";-11;998;1009;-63;745;808;52;253;201
"Konur";"1986";"Suðurnes";-13;87;100;-24;70;94;11;17;6
"Konur";"1986";"Vesturland";-41;34;75;-35;29;64;-6;5;11
"Konur";"1986";"Vestfirðir";-6;51;57;-20;17;37;14;34;20
"Konur";"1986";"Norðurland vestra";-15;18;33;-15;17;32;0;1;1
"Konur";"1986";"Norðuland eystra";-23;90;113;-31;68;99;8;22;14
"Konur";"1986";"Austurland";1;68;67;-8;25;33;9;43;34
"Konur";"1986";"Suðurland";6;89;83;-9;55;64;15;34;19
"Konur";"1986";"Ótilgreint";-;-;-;-;-;-;-;-;-
"Konur";"1987";"Alls";648;1904;1256;347;1298;951;301;606;305
"Konur";"1987";"Höfuðborgarsvæði";432;1284;852;244;903;659;188;381;193
"Konur";"1987";"Suðurnes";54;126;72;30;89;59;24;37;13
"Konur";"1987";"Vesturland";33;79;46;18;59;41;15;20;5
"Konur";"1987";"Vestfirðir";7;56;49;4;25;21;3;31;28
"Konur";"1987";"Norðurland vestra";26;37;11;15;23;8;11;14;3
"Konur";"1987";"Norðuland eystra";26;119;93;16;87;71;10;32;22
"Konur";"1987";"Austurland";28;82;54;1;40;39;27;42;15
"Konur";"1987";"Suðurland";43;121;78;19;72;53;24;49;25
"Konur";"1987";"Ótilgreint";-1;-;1;-;-;-;-1;-;1
"Konur";"1988";"Alls";769;2248;1479;264;1224;960;505;1024;519
"Konur";"1988";"Höfuðborgarsvæði";405;1400;995;165;839;674;240;561;321
"Konur";"1988";"Suðurnes";81;176;95;39;102;63;42;74;32
"Konur";"1988";"Vesturland";17;71;54;-13;32;45;30;39;9
"Konur";"1988";"Vestfirðir";77;154;77;-8;23;31;85;131;46
"Konur";"1988";"Norðurland vestra";19;40;21;13;29;16;6;11;5
"Konur";"1988";"Norðuland eystra";27;133;106;12;91;79;15;42;27
"Konur";"1988";"Austurland";67;121;54;26;43;17;41;78;37
"Konur";"1988";"Suðurland";63;140;77;17;52;35;46;88;42
"Konur";"1988";"Ótilgreint";13;13;-;13;13;-;-;-;-
"Konur";"1989";"Alls";-497;1547;2044;-541;933;1474;44;614;570
"Konur";"1989";"Höfuðborgarsvæði";-310;1039;1349;-363;667;1030;53;372;319
"Konur";"1989";"Suðurnes";-45;90;135;-40;70;110;-5;20;25
"Konur";"1989";"Vesturland";-30;61;91;-30;33;63;0;28;28
"Konur";"1989";"Vestfirðir";-49;59;108;-22;24;46;-27;35;62
"Konur";"1989";"Norðurland vestra";-3;32;35;-11;17;28;8;15;7
"Konur";"1989";"Norðuland eystra";-31;82;113;-34;48;82;3;34;31
"Konur";"1989";"Austurland";-11;73;84;-13;29;42;2;44;42
"Konur";"1989";"Suðurland";-5;111;116;-19;45;64;14;66;52
"Konur";"1989";"Ótilgreint";-13;-;13;-9;-;9;-4;-;4
"Konur";"1990";"Alls";-275;1673;1948;-295;1062;1357;20;611;591
"Konur";"1990";"Höfuðborgarsvæði";-248;1111;1359;-160;790;950;-88;321;409
"Konur";"1990";"Suðurnes";-17;82;99;-27;47;74;10;35;25
"Konur";"1990";"Vesturland";-13;69;82;-29;31;60;16;38;22
"Konur";"1990";"Vestfirðir";-3;90;93;-29;14;43;26;76;50
"Konur";"1990";"Norðurland vestra";2;39;37;-11;21;32;13;18;5
"Konur";"1990";"Norðuland eystra";-23;95;118;-36;63;99;13;32;19
"Konur";"1990";"Austurland";17;74;57;-3;38;41;20;36;16
"Konur";"1990";"Suðurland";10;113;103;0;58;58;10;55;45
"Konur";"1990";"Ótilgreint";-;-;-;-;-;-;-;-;-
"Konur";"1991";"Alls";567;2157;1590;136;1141;1005;431;1016;585
"Konur";"1991";"Höfuðborgarsvæði";314;1337;1023;142;849;707;172;488;316
"Konur";"1991";"Suðurnes";28;135;107;-20;64;84;48;71;23
"Konur";"1991";"Vesturland";50;96;46;1;29;28;49;67;18
"Konur";"1991";"Vestfirðir";56;135;79;-4;20;24;60;115;55
"Konur";"1991";"Norðurland vestra";30;45;15;25;32;7;5;13;8
"Konur";"1991";"Norðuland eystra";40;139;99;4;78;74;36;61;25
"Konur";"1991";"Austurland";38;118;80;5;30;25;33;88;55
"Konur";"1991";"Suðurland";16;152;136;-12;39;51;28;113;85
"Konur";"1991";"Ótilgreint";-5;-;5;-5;-;5;-;-;-
"Konur";"1992";"Alls";-113;1591;1704;41;981;940;-154;610;764
"Konur";"1992";"Höfuðborgarsvæði";33;1027;994;41;692;651;-8;335;343
"Konur";"1992";"Suðurnes";-4;90;94;6;69;63;-10;21;31
"Konur";"1992";"Vesturland";0;81;81;22;43;21;-22;38;60
"Konur";"1992";"Vestfirðir";-47;57;104;2;14;12;-49;43;92
"Konur";"1992";"Norðurland vestra";-9;27;36;-3;13;16;-6;14;20
"Konur";"1992";"Norðuland eystra";21;137;116;9;83;74;12;54;42
"Konur";"1992";"Austurland";-55;67;122;-1;29;30;-54;38;92
"Konur";"1992";"Suðurland";-52;105;157;-35;38;73;-17;67;84
"Konur";"1992";"Ótilgreint";-;-;-;-;-;-;-;-;-
"Konur";"1993";"Alls";-86;1450;1536;-148;865;1013;62;585;523
"Konur";"1993";"Höfuðborgarsvæði";-16;984;1000;-96;625;721;80;359;279
"Konur";"1993";"Suðurnes";-32;53;85;-28;33;61;-4;20;24
"Konur";"1993";"Vesturland";3;49;46;-1;26;27;4;23;19
"Konur";"1993";"Vestfirðir";-23;61;84;4;35;31;-27;26;53
"Konur";"1993";"Norðurland vestra";-2;34;36;-12;10;22;10;24;14
"Konur";"1993";"Norðuland eystra";-29;93;122;-17;63;80;-12;30;42
"Konur";"1993";"Austurland";2;63;61;2;25;23;0;38;38
"Konur";"1993";"Suðurland";11;113;102;0;48;48;11;65;54
"Konur";"1993";"Ótilgreint";-;-;-;-;-;-;-;-;-
"Konur";"1994";"Alls";-344;1452;1796;-395;903;1298;51;549;498
"Konur";"1994";"Höfuðborgarsvæði";-184;977;1161;-182;689;871;-2;288;290
"Konur";"1994";"Suðurnes";-42;70;112;-46;47;93;4;23;19
"Konur";"1994";"Vesturland";-13;69;82;-32;25;57;19;44;25
"Konur";"1994";"Vestfirðir";-4;55;59;-12;18;30;8;37;29
"Konur";"1994";"Norðurland vestra";-19;20;39;-15;8;23;-4;12;16
"Konur";"1994";"Norðuland eystra";-20;110;130;-45;60;105;25;50;25
"Konur";"1994";"Austurland";-45;48;93;-34;23;57;-11;25;36
"Konur";"1994";"Suðurland";-17;103;120;-29;33;62;12;70;58
"Konur";"1994";"Ótilgreint";-;-;-;-;-;-;-;-;-
"Konur";"1995";"Alls";-566;1538;2104;-732;936;1668;166;602;436
"Konur";"1995";"Höfuðborgarsvæði";-430;988;1418;-507;670;1177;77;318;241
"Konur";"1995";"Suðurnes";-30;85;115;-34;60;94;4;25;21
"Konur";"1995";"Vesturland";13;79;66;-12;27;39;25;52;27
"Konur";"1995";"Vestfirðir";-10;65;75;-32;17;49;22;48;26
"Konur";"1995";"Norðurland vestra";-7;34;41;-18;11;29;11;23;12
"Konur";"1995";"Norðuland eystra";-56;117;173;-74;77;151;18;40;22
"Konur";"1995";"Austurland";-11;62;73;-27;19;46;16;43;27
"Konur";"1995";"Suðurland";-35;108;143;-28;55;83;-7;53;60
"Konur";"1995";"Ótilgreint";-;-;-;-;-;-;-;-;-
"Konur";"1996";"Alls";-187;1885;2072;-508;1156;1664;321;729;408
"Konur";"1996";"Höfuðborgarsvæði";-239;1212;1451;-383;861;1244;144;351;207
"Konur";"1996";"Suðurnes";-24;84;108;-37;54;91;13;30;17
"Konur";"1996";"Vesturland";-11;90;101;-8;43;51;-3;47;50
"Konur";"1996";"Vestfirðir";76;131;55;-6;24;30;82;107;25
"Konur";"1996";"Norðurland vestra";16;52;36;-11;17;28;27;35;8
"Konur";"1996";"Norðuland eystra";18;136;118;-20;76;96;38;60;22
"Konur";"1996";"Austurland";-2;61;63;-10;28;38;8;33;25
"Konur";"1996";"Suðurland";-21;119;140;-33;53;86;12;66;54
"Konur";"1996";"Ótilgreint";-;-;-;-;-;-;-;-;-
"Konur";"1997";"Alls";82;2039;1957;-271;1248;1519;353;791;438
"Konur";"1997";"Höfuðborgarsvæði";30;1315;1285;-135;925;1060;165;390;225
"Konur";"1997";"Suðurnes";-33;103;136;-36;78;114;3;25;22
"Konur";"1997";"Vesturland";25;99;74;-7;34;41;32;65;33
"Konur";"1997";"Vestfirðir";55;113;58;-19;26;45;74;87;13
"Konur";"1997";"Norðurland vestra";8;56;48;5;24;19;3;32;29
"Konur";"1997";"Norðuland eystra";-42;124;166;-39;83;122;-3;41;44
"Konur";"1997";"Austurland";26;93;67;-25;29;54;51;64;13
"Konur";"1997";"Suðurland";13;136;123;-15;49;64;28;87;59
"Konur";"1997";"Ótilgreint";-;-;-;-;-;-;-;-;-
"Konur";"1998";"Alls";465;2331;1866;-104;1354;1458;569;977;408
"Konur";"1998";"Höfuðborgarsvæði";202;1465;1263;-34;1015;1049;236;450;214
"Konur";"1998";"Suðurnes";40;132;92;-3;77;80;43;55;12
"Konur";"1998";"Vesturland";26;121;95;-1;53;54;27;68;41
"Konur";"1998";"Vestfirðir";133;174;41;3;25;22;130;149;19
"Konur";"1998";"Norðurland vestra";12;61;49;0;25;25;12;36;24
"Konur";"1998";"Norðuland eystra";24;153;129;-29;78;107;53;75;22
"Konur";"1998";"Austurland";-5;65;70;-19;25;44;14;40;26
"Konur";"1998";"Suðurland";33;160;127;-21;56;77;54;104;50
"Konur";"1998";"Ótilgreint";-;-;-;-;-;-;-;-;-
"Konur";"1999";"Alls";619;2468;1849;106;1435;1329;513;1033;520
"Konur";"1999";"Höfuðborgarsvæði";410;1637;1227;86;1058;972;324;579;255
"Konur";"1999";"Suðurnes";43;123;80;7;72;65;36;51;15
"Konur";"1999";"Vesturland";28;125;97;14;64;50;14;61;47
"Konur";"1999";"Vestfirðir";-4;69;73;-13;9;22;9;60;51
"Konur";"1999";"Norðurland vestra";20;57;37;-2;20;22;22;37;15
"Konur";"1999";"Norðuland eystra";27;178;151;-2;104;106;29;74;45
"Konur";"1999";"Austurland";24;88;64;-2;34;36;26;54;28
"Konur";"1999";"Suðurland";71;191;120;18;74;56;53;117;64
"Konur";"1999";"Ótilgreint";-;-;-;-;-;-;-;-;-
"Konur";"2000";"Alls";877;2615;1738;39;1326;1287;838;1289;451
"Konur";"2000";"Höfuðborgarsvæði";556;1740;1184;45;991;946;511;749;238
"Konur";"2000";"Suðurnes";80;161;81;11;84;73;69;77;8
"Konur";"2000";"Vesturland";45;138;93;-16;48;64;61;90;29
"Konur";"2000";"Vestfirðir";7;58;51;3;23;20;4;35;31
"Konur";"2000";"Norðurland vestra";34;79;45;-5;15;20;39;64;25
"Konur";"2000";"Norðuland eystra";60;168;108;3;85;82;57;83;26
"Konur";"2000";"Austurland";7;59;52;-14;20;34;21;39;18
"Konur";"2000";"Suðurland";88;212;124;12;60;48;76;152;76
"Konur";"2000";"Ótilgreint";-;-;-;-;-;-;-;-;-
"Konur";"2001";"Alls";479;2567;2088;-234;1245;1479;713;1322;609
"Konur";"2001";"Höfuðborgarsvæði";343;1750;1407;-136;951;1087;479;799;320
"Konur";"2001";"Suðurnes";22;134;112;-39;52;91;61;82;21
"Konur";"2001";"Vesturland";54;132;78;30;66;36;24;66;42
"Konur";"2001";"Vestfirðir";-4;70;74;-21;14;35;17;56;39
"Konur";"2001";"Norðurland vestra";1;55;54;-13;11;24;14;44;30
"Konur";"2001";"Norðuland eystra";1;148;147;-32;72;104;33;76;43
"Konur";"2001";"Austurland";-4;62;66;-18;25;43;14;37;23
"Konur";"2001";"Suðurland";66;216;150;-5;54;59;71;162;91
"Konur";"2001";"Ótilgreint";-;-;-;-;-;-;-;-;-
"Konur";"2002";"Alls";-20;2173;2193;-498;1148;1646;478;1025;547
"Konur";"2002";"Höfuðborgarsvæði";-81;1439;1520;-380;838;1218;299;601;302
"Konur";"2002";"Suðurnes";9;130;121;-18;81;99;27;49;22
"Konur";"2002";"Vesturland";-10;91;101;-25;43;68;15;48;33
"Konur";"2002";"Vestfirðir";5;52;47;-7;12;19;12;40;28
"Konur";"2002";"Norðurland vestra";10;54;44;-6;18;24;16;36;20
"Konur";"2002";"Norðuland eystra";1;141;140;-25;80;105;26;61;35
"Konur";"2002";"Austurland";9;65;56;-17;27;44;26;38;12
"Konur";"2002";"Suðurland";37;201;164;-20;49;69;57;152;95
"Konur";"2002";"Ótilgreint";-;-;-;-;-;-;-;-;-
"Konur";"2003";"Alls";-71;1868;1939;-299;1157;1456;228;711;483
"Konur";"2003";"Höfuðborgarsvæði";-104;1266;1370;-250;834;1084;146;432;286
"Konur";"2003";"Suðurnes";22;98;76;2;65;63;20;33;13
"Konur";"2003";"Vesturland";-29;65;94;-32;33;65;3;32;29
"Konur";"2003";"Vestfirðir";3;37;34;-3;13;16;6;24;18
"Konur";"2003";"Norðurland vestra";24;61;37;17;31;14;7;30;23
"Konur";"2003";"Norðuland eystra";11;141;130;-23;82;105;34;59;25
"Konur";"2003";"Austurland";20;67;47;5;38;33;15;29;14
"Konur";"2003";"Suðurland";-18;133;151;-15;61;76;-3;72;75
"Konur";"2003";"Ótilgreint";-;-;-;-;-;-;-;-;-
"Konur";"2004";"Alls";-6;2339;2345;-290;1383;1673;284;956;672
"Konur";"2004";"Höfuðborgarsvæði";-11;1584;1595;-157;1035;1192;146;549;403
"Konur";"2004";"Suðurnes";-28;118;146;-49;81;130;21;37;16
"Konur";"2004";"Vesturland";-11;78;89;-15;46;61;4;32;28
"Konur";"2004";"Vestfirðir";22;64;42;1;24;23;21;40;19
"Konur";"2004";"Norðurland vestra";-35;35;70;-29;6;35;-6;29;35
"Konur";"2004";"Norðuland eystra";6;147;141;-20;85;105;26;62;36
"Konur";"2004";"Austurland";39;109;70;3;35;32;36;74;38
"Konur";"2004";"Suðurland";12;204;192;-24;71;95;36;133;97
"Konur";"2004";"Ótilgreint";-;-;-;-;-;-;-;-;-
"Konur";"2005";"Alls";1073;2991;1918;-8;1519;1527;1081;1472;391
"Konur";"2005";"Höfuðborgarsvæði";586;1937;1351;35;1157;1122;551;780;229
"Konur";"2005";"Suðurnes";62;156;94;-14;73;87;76;83;7
"Konur";"2005";"Vesturland";71;136;65;3;55;52;68;81;13
"Konur";"2005";"Vestfirðir";41;84;43;-1;18;19;42;66;24
"Konur";"2005";"Norðurland vestra";26;61;35;-5;19;24;31;42;11
"Konur";"2005";"Norðuland eystra";32;187;155;-28;94;122;60;93;33
"Konur";"2005";"Austurland";170;223;53;5;37;32;165;186;21
"Konur";"2005";"Suðurland";85;207;122;-3;66;69;88;141;53
"Konur";"2005";"Ótilgreint";-;-;-;-;-;-;-;-;-
"Konur";"2006";"Alls";1186;3291;2105;-163;1357;1520;1349;1934;585
"Konur";"2006";"Höfuðborgarsvæði";766;2171;1405;-39;1044;1083;805;1127;322
"Konur";"2006";"Suðurnes";96;223;127;-38;68;106;134;155;21
"Konur";"2006";"Vesturland";29;139;110;-20;50;70;49;89;40
"Konur";"2006";"Vestfirðir";48;74;26;5;16;11;43;58;15
"Konur";"2006";"Norðurland vestra";-2;49;51;-14;10;24;12;39;27
"Konur";"2006";"Norðuland eystra";39;184;145;-35;72;107;74;112;38
"Konur";"2006";"Austurland";142;240;98;0;48;48;142;192;50
"Konur";"2006";"Suðurland";68;211;143;-22;49;71;90;162;72
"Konur";"2006";"Ótilgreint";-;-;-;-;-;-;-;-;-
"Konur";"2007";"Alls";2179;4631;2452;-131;1577;1708;2310;3054;744
"Konur";"2007";"Höfuðborgarsvæði";1484;3098;1614;-70;1147;1217;1554;1951;397
"Konur";"2007";"Suðurnes";157;373;216;-48;102;150;205;271;66
"Konur";"2007";"Vesturland";119;211;92;2;68;66;117;143;26
"Konur";"2007";"Vestfirðir";40;73;33;-14;7;21;54;66;12
"Konur";"2007";"Norðurland vestra";13;71;58;-11;22;33;24;49;25
"Konur";"2007";"Norðuland eystra";132;284;152;14;118;104;118;166;48
"Konur";"2007";"Austurland";47;200;153;-7;33;40;54;167;113
"Konur";"2007";"Suðurland";187;321;134;3;80;77;184;241;57
"Konur";"2007";"Ótilgreint";-;-;-;-;-;-;-;-;-
"Konur";"2008";"Alls";1421;4329;2908;-229;1398;1627;1650;2931;1281
"Konur";"2008";"Höfuðborgarsvæði";912;2930;2018;-226;984;1210;1138;1946;808
"Konur";"2008";"Suðurnes";170;363;193;22;128;106;148;235;87
"Konur";"2008";"Vesturland";123;225;102;-3;48;51;126;177;51
"Konur";"2008";"Vestfirðir";45;82;37;-10;4;14;55;78;23
"Konur";"2008";"Norðurland vestra";33;76;43;-7;20;27;40;56;16
"Konur";"2008";"Norðuland eystra";53;238;185;-1;106;107;54;132;78
"Konur";"2008";"Austurland";-46;129;175;11;45;34;-57;84;141
"Konur";"2008";"Suðurland";131;286;155;-15;63;78;146;223;77
"Konur";"2008";"Ótilgreint";-;-;-;-;-;-;-;-;-
"Konur";"2009";"Alls";-1146;2795;3941;-1051;1164;2215;-95;1631;1726
"Konur";"2009";"Höfuðborgarsvæði";-810;1920;2730;-737;842;1579;-73;1078;1151
"Konur";"2009";"Suðurnes";-83;181;264;-91;73;164;8;108;100
"Konur";"2009";"Vesturland";-41;113;154;-49;29;78;8;84;76
"Konur";"2009";"Vestfirðir";-5;72;77;-17;22;39;12;50;38
"Konur";"2009";"Norðurland vestra";13;62;49;-3;17;20;16;45;29
"Konur";"2009";"Norðuland eystra";-61;190;251;-56;88;144;-5;102;107
"Konur";"2009";"Austurland";-70;77;147;-30;32;62;-40;45;85
"Konur";"2009";"Suðurland";-89;180;269;-68;61;129;-21;119;140
"Konur";"2009";"Ótilgreint";-;-;-;-;-;-;-;-;-
"Konur";"2010";"Alls";-706;2660;3366;-859;1209;2068;153;1451;1298
"Konur";"2010";"Höfuðborgarsvæði";-411;1820;2231;-561;862;1423;150;958;808
"Konur";"2010";"Suðurnes";-89;181;270;-87;84;171;-2;97;99
"Konur";"2010";"Vesturland";-23;108;131;-33;48;81;10;60;50
"Konur";"2010";"Vestfirðir";-19;49;68;-22;10;32;3;39;36
"Konur";"2010";"Norðurland vestra";2;46;44;-2;17;19;4;29;25
"Konur";"2010";"Norðuland eystra";-50;179;229;-80;76;156;30;103;73
"Konur";"2010";"Austurland";-46;73;119;-28;28;56;-18;45;63
"Konur";"2010";"Suðurland";-70;204;274;-46;84;130;-24;120;144
"Konur";"2010";"Ótilgreint";-;-;-;-;-;-;-;-;-
"Konur";"2011";"Alls";-418;2736;3154;-620;1359;1979;202;1377;1175
"Konur";"2011";"Höfuðborgarsvæði";-385;1864;2249;-486;982;1468;101;882;781
"Konur";"2011";"Suðurnes";-9;185;194;-22;104;126;13;81;68
"Konur";"2011";"Vesturland";10;120;110;3;55;52;7;65;58
"Konur";"2011";"Vestfirðir";-12;54;66;-23;10;33;11;44;33
"Konur";"2011";"Norðurland vestra";-14;42;56;-14;15;29;0;27;27
"Konur";"2011";"Norðuland eystra";-41;158;199;-51;79;130;10;79;69
"Konur";"2011";"Austurland";10;89;79;-10;38;48;20;51;31
"Konur";"2011";"Suðurland";23;224;201;-17;76;93;40;148;108
"Konur";"2011";"Ótilgreint";-;-;-;-;-;-;-;-;-
"Konur";"2012";"Alls";-19;2910;2929;-430;1521;1951;411;1389;978
"Konur";"2012";"Höfuðborgarsvæði";-8;2037;2045;-248;1154;1402;240;883;643
"Konur";"2012";"Suðurnes";-34;157;191;-48;80;128;14;77;63
"Konur";"2012";"Vesturland";22;132;110;-18;59;77;40;73;33
"Konur";"2012";"Vestfirðir";20;64;44;-13;15;28;33;49;16
"Konur";"2012";"Norðurland vestra";-18;40;58;-6;21;27;-12;19;31
"Konur";"2012";"Norðuland eystra";-11;166;177;-24;94;118;13;72;59
"Konur";"2012";"Austurland";-6;82;88;-18;32;50;12;50;38
"Konur";"2012";"Suðurland";16;232;216;-55;66;121;71;166;95
"Konur";"2012";"Ótilgreint";-;-;-;-;-;-;-;-;-
"Konur";"2013";"Alls";779;3382;2603;5;1516;1511;774;1866;1092
"Konur";"2013";"Höfuðborgarsvæði";501;2314;1813;25;1136;1111;476;1178;702
"Konur";"2013";"Suðurnes";77;210;133;-3;82;85;80;128;48
"Konur";"2013";"Vesturland";34;141;107;0;51;51;34;90;56
"Konur";"2013";"Vestfirðir";31;89;58;-3;20;23;34;69;35
"Konur";"2013";"Norðurland vestra";8;53;45;3;16;13;5;37;32
"Konur";"2013";"Norðuland eystra";44;211;167;-9;96;105;53;115;62
"Konur";"2013";"Austurland";52;106;54;21;39;18;31;67;36
"Konur";"2013";"Suðurland";32;258;226;-29;76;105;61;182;121
"Konur";"2013";"Ótilgreint";-;-;-;-;-;-;-;-;-
"Konur";"2014";"Alls";413;3173;2760;-416;1234;1650;829;1939;1110
"Konur";"2014";"Höfuðborgarsvæði";251;2148;1897;-226;942;1168;477;1206;729
"Konur";"2014";"Suðurnes";52;216;164;-32;74;106;84;142;58
"Konur";"2014";"Vesturland";36;121;85;-21;37;58;57;84;27
"Konur";"2014";"Vestfirðir";27;77;50;-10;16;26;37;61;24
"Konur";"2014";"Norðurland vestra";5;60;55;-6;22;28;11;38;27
"Konur";"2014";"Norðuland eystra";-18;174;192;-54;66;120;36;108;72
"Konur";"2014";"Austurland";-4;79;83;-34;15;49;30;64;34
"Konur";"2014";"Suðurland";64;298;234;-33;62;95;97;236;139
"Konur";"2014";"Ótilgreint";-;-;-;-;-;-;-;-;-
